ID,NAME,COUNTRY,CONVERSION_RATE
AUD,dollar,Australia,1.0987000000
CAD,dollar,Canada,1.0617000000
CHF,franc,Switzerland,1.1383000000
CNY,yuan,China,0.1737000000
DKK,krone,Denmark,0.1863000000
EUR,euro,Eurozone,1.3862000000
GBP,pound,Great Britain,1.6942000000
HKD,dollar,Hong Kong,0.1362000000
JPY,yen,Japan,0.0124400000
MXN,peso,Mexico,0.0837400000
NOK,krone,Norway,0.1881000000
NZD,dollar,New Zealand,0.8792000000
SEK,krona,Sweden,0.1584000000
SGD,dollar,Singapore,0.8654000000
THB,baht,Thailand,0.0347700000

