ID,URI,TITLE
1,/index.html,Zero - Personal Banking - Loans - Credit Cards
2,/login.html,Zero - Log in
3,/faq.html,Zero - FAQ - Frequently Asked Questions
4,/feedback.html,Zero - Contact Us
5,/help.html,Zero - Help
6,/online-banking.html,Zero - Free Access to Online Banking
7,/bank/account-summary.html,Zero - Account Summary
8,/bank/account-activity.html,Zero - Account Activity
9,/bank/transfer-funds.html,Zero - Transfer Funds
10,/bank/pay-bills.html,Zero - Pay Bills
11,/bank/money-map.html,Zero - My Money Map
12,/bank/online-statements.html,Zero - Online Statements

