ID,USER_ID,PARENT_ID,TYPE,AMOUNT,CATEGORY
1,2,NULL,OUTFLOW,NULL,NULL
2,2,NULL,INFLOW,NULL,NULL
3,2,NULL,CREDIT,NULL,NULL
4,2,1,Spendings,-160.00,Transportation
5,2,1,Spendings,-102.38,Auto
6,2,1,Spendings,-100.00,Charity
7,2,1,Spendings,-255.00,Checks Written
8,2,1,Spendings,-375.55,Retail
9,2,1,Spendings,-100.00,Household
10,2,1,Spendings,-600.00,Insurance
11,2,1,Spendings,-37.18,Office Supply
12,2,1,Spendings,-295.89,Restaurants
13,2,1,Spendings,-95.00,Telecom
14,2,2,Deposits,0.00,Direct Deposits
15,2,2,Deposits,5000.00,Other Deposits
16,2,2,Deposits,1150.00,Transfers from other Zero Bank Accounts
17,2,3,Credit Cards,0.00,Payments to Zero Bank Credit Cards

