ID,ACCOUNT_ID,DATE,TYPE,VALUE,DESCRIPTION
1,1,2012-09-01 00:00:00.000000,DEPOSIT,1000.00,ONLINE TRANSFER REF #UKKSDRQG6L
2,1,2012-09-05 11:02:33.000000,WITHDRAWAL,50.00,OFFICE SUPPLY
3,1,2012-09-06 17:05:18.000000,DEPOSIT,984.30,ONLINE TRANSFER REF #UKKSDRQG6L
4,2,2012-09-01 00:00:00.000000,WITHDRAWAL,1548.00,CAR PAYMENT
5,2,2012-09-05 11:02:33.000000,WITHDRAWAL,99.60,TELECOM
6,2,2012-09-06 17:05:18.000000,DEPOSIT,186.70,CHECK DEPOSIT
7,3,2012-09-01 00:00:00.000000,WITHDRAWAL,1173.10,PAYCHECK
8,3,2012-09-05 11:02:33.000000,DEPOSIT,55.90,ONLINE TRANSFER REF #IGREKLVC0D
9,3,2012-09-06 17:05:18.000000,DEPOSIT,636.40,ONLINE TRANSFER REF #IGREKLVC0D
10,4,2012-09-01 00:00:00.000000,WITHDRAWAL,2000.00,RENT
11,4,2012-09-05 11:02:33.000000,WITHDRAWAL,770.00,RENT

