ID,URI,METHOD,HANDLING,ACTION_NAME,SERVICE_NAME,VULNERABILITY,INJECTION_POINT,VULNERABILITY_TYPE,INJECTION_POINT_NAME
1,/search.html,GET,POST,NULL,NULL,screened-script-reflected-xss,PARAM,http,searchTerm
2,/sendFeedback.html,POST,POST,NULL,NULL,inside-link-reflected-xss,PARAM,http,name
3,/forgotten-password-send.html,POST,POST,NULL,NULL,iframe-reflected-xss,PARAM,http,email
4,/bank/transfer-funds-verify.html,POST,POST,NULL,NULL,reflected-xss,PARAM,http,description
5,/bank/pay-bills-new-payee.html,POST,POST,NULL,NULL,reflected-xss,PARAM,http,name
6,/bank/pay-bills-new-payee.html,POST,POST,NULL,NULL,reflected-xss,PARAM,http,address
7,/bank/pay-bills-new-payee.html,POST,POST,NULL,NULL,reflected-xss,PARAM,http,account
8,/bank/pay-bills-new-payee.html,POST,POST,NULL,NULL,reflected-xss,PARAM,http,details
9,/bank/account-activity.html,GET,POST,NULL,NULL,reflected-xss,PARAM,http,accountId
10,/bank/account-activity-find-transactions.html,POST,POST,NULL,NULL,reflected-xss,PARAM,http,description
11,/bank/pay-bills-saved-payee.html,POST,POST,NULL,NULL,user-interaction-reflected-xss,PARAM,http,payee
12,/bank/pay-bills-saved-payee.html,POST,POST,NULL,NULL,reflected-xss,PARAM,http,payee
13,/bank/pay-bills-saved-payee.html,POST,POST,NULL,NULL,reflected-xss,PARAM,http,account
14,/bank/pay-bills-saved-payee.html,POST,POST,NULL,NULL,reflected-xss,PARAM,http,amount
15,/bank/pay-bills-saved-payee.html,POST,POST,NULL,NULL,reflected-xss,PARAM,http,date
16,/bank/pay-bills-saved-payee.html,POST,POST,NULL,NULL,reflected-xss,PARAM,http,description
17,/admin/currencies-add.html,POST,PRE,NULL,NULL,persistent-xss,PARAM,http,country
18,/admin/currencies-add.html,POST,PRE,NULL,NULL,persistent-xss,PARAM,http,name
19,/bank/money-map-get-spending-details.html,POST,PRE,NULL,NULL,parameter-based-buffer-overflow,PARAM,http,id
20,/bank/transfer-funds-verify.html,POST,PRE,NULL,NULL,java-double-precision-parsing-dos,PARAM,http,amount
21,/bank/pay-bills-saved-payee.html,POST,PRE,NULL,NULL,java-double-precision-parsing-dos,PARAM,http,amount
22,/index.html,POST,PRE,NULL,NULL,apache-chunked-encoding-overflow,HEADER,http,<blank>
23,/bank/online-statements-by-name.html,GET,POST,NULL,NULL,lfi,PARAM,http,name
24,/help.html,GET,POST,NULL,NULL,rfi,PARAM,http,topic
25,/directoryTraversal.html,GET,POST,NULL,NULL,directory-traversal,PARAM,http,param
26,/search.html,GET,POST,NULL,NULL,el-cookie-injection,PARAM,http,searchTerm
27,NULL,NULL,NULL,searchForTransactions,InfoService,soap-parameter-based-buffer-overflow,PARAM,soap,/Envelope/Body/searchForTransactions/filterInfo/description/text()
28,NULL,NULL,NULL,addAccount,InfoService,soap-persistent-cookies,COOKIE,soap,<blank>
29,NULL,NULL,NULL,addUser,InfoService,soap-persistent-cookies,COOKIE,soap,<blank>
30,NULL,NULL,NULL,downloadStatementByName,InfoService,soap-lfi,PARAM,soap,/Envelope/Body/downloadStatementByName/filename/text()
31,NULL,NULL,NULL,searchForTransactions,InfoService,universal-arbitrary-command-execution,PARAM,soap,/Envelope/Body/searchForTransactions/filterInfo/type/text()
32,NULL,NULL,NULL,closeAccount,InfoService,soap-server-path-disclosure,PARAM,soap,<blank>
33,NULL,NULL,NULL,transferFunds,InfoService,soap-exception-error-message,PARAM,soap,<blank>

