[
{"target":"http://zero.webappsecurity.com/","http_status":200,"request_config":{"headers":{"User-Agent":"WhatWeb/0.5.5"}},"plugins":{"Apache":{},"Bootstrap":{},"Content-Language":{"string":["en-US"]},"Country":{"string":["UNITED STATES"],"module":["US"]},"HTML5":{},"HTTPServer":{"string":["Apache-Coyote/1.1"]},"IP":{"string":["54.82.22.214"]},"JQuery":{"version":["1.8.2"]},"Script":{"string":["text/javascript"]},"Title":{"string":["Zero - Personal Banking - Loans - Credit Cards"]},"UncommonHeaders":{"string":["access-control-allow-origin"]},"X-UA-Compatible":{"string":["IE=Edge"]}}}
]
