[
]
[
]
[
{"target":"https://juice-shop.herokuapp.com/","http_status":200,"request_config":{"headers":{"User-Agent":"WhatWeb/0.5.5"}},"plugins":{"Country":{"string":["UNITED STATES"],"module":["US"]},"HTML5":{},"HTTPServer":{"string":["Heroku"]},"IP":{"string":["54.220.192.176"]},"JQuery":{"version":["2.2.4"]},"Script":{"string":["module"]},"Title":{"string":["OWASP Juice Shop"]},"UncommonHeaders":{"string":["access-control-allow-origin,feature-policy,nel,report-to,reporting-endpoints,x-content-type-options,x-recruiting"]},"Via-Proxy":{"string":["1.1 heroku-router"]},"X-Frame-Options":{"string":["SAMEORIGIN"]}}}
]
